"Category","Classification","Matches","File"
"baseline","regenerate-or-update","2","baseline/phase-1-contract-freeze/architecture-runtime-reference.md"
"baseline","regenerate-or-update","12","baseline/phase-1-contract-freeze/cli-contract.json"
"baseline","regenerate-or-update","11","baseline/phase-1-contract-freeze/cli-contract.md"
"baseline","regenerate-or-update","72","baseline/phase-1-contract-freeze/environment-contract.json"
"baseline","regenerate-or-update","30","baseline/phase-1-contract-freeze/environment-contract.md"
"baseline","regenerate-or-update","1","baseline/phase-1-contract-freeze/go-ladybugdb-windows-proof.json"
"baseline","regenerate-or-update","8","baseline/phase-1-contract-freeze/go-owned-web-adapter-types.json"
"baseline","regenerate-or-update","5","baseline/phase-1-contract-freeze/go-owned-web-adapter-types.md"
"baseline","regenerate-or-update","1","baseline/phase-1-contract-freeze/go-tree-sitter-windows-proof.json"
"baseline","regenerate-or-update","3","baseline/phase-1-contract-freeze/http-contract.json"
"baseline","regenerate-or-update","3","baseline/phase-1-contract-freeze/http-contract.md"
"baseline","regenerate-or-update","14","baseline/phase-1-contract-freeze/ladybugdb-graph-contract.json"
"baseline","regenerate-or-update","5","baseline/phase-1-contract-freeze/ladybugdb-graph-contract.md"
"baseline","regenerate-or-update","18","baseline/phase-1-contract-freeze/mcp-contract.json"
"baseline","regenerate-or-update","15","baseline/phase-1-contract-freeze/mcp-contract.md"
"baseline","regenerate-or-update","3","baseline/phase-1-contract-freeze/README.md"
"baseline","regenerate-or-update","28","baseline/phase-1-contract-freeze/source-contract-snapshot.json"
"baseline","regenerate-or-update","10","baseline/phase-1-contract-freeze/web-ui-shared-contract.json"
"baseline","regenerate-or-update","9","baseline/phase-1-contract-freeze/web-ui-shared-contract.md"
"cli-command","rename-in-place","1","cmd/access-candidate-audit/main.go"
"cli-command","rename-in-place","1","cmd/avmatrix/main.go"
"cli-command","rename-in-place","2","cmd/property-access-audit/main.go"
"docs","update-active-or-preserve-history","289","docs/plans/2026-05-08-avmatrix-go-typescript-node-to-go-conversion-benchmark.md"
"docs","update-active-or-preserve-history","670","docs/plans/2026-05-08-avmatrix-go-typescript-node-to-go-conversion-evidence.md"
"docs","update-active-or-preserve-history","291","docs/plans/2026-05-08-avmatrix-go-typescript-node-to-go-conversion-plan.md"
"docs","update-active-or-preserve-history","659","docs/plans/2026-05-08-avmatrix-go-typescript-node-to-go-conversion-remaining-files.md"
"docs","update-active-or-preserve-history","25","docs/plans/2026-05-14-go-full-conversion-benchmark.md"
"docs","update-active-or-preserve-history","938","docs/plans/2026-05-14-go-full-conversion-evidence.md"
"docs","update-active-or-preserve-history","252","docs/plans/2026-05-14-go-full-conversion-plan.md"
"docs","update-active-or-preserve-history","5","docs/plans/2026-05-16-avmatrix-go-graph-accuracy-100-benchmark.md"
"docs","update-active-or-preserve-history","161","docs/plans/2026-05-16-avmatrix-go-graph-accuracy-100-evidence.md"
"docs","update-active-or-preserve-history","20","docs/plans/2026-05-16-avmatrix-go-graph-accuracy-100-plan.md"
"docs","update-active-or-preserve-history","213","docs/plans/2026-05-19-avmatrix-go-supported-language-property-ownership-member-access-graph-truth-benchmark.md"
"docs","update-active-or-preserve-history","328","docs/plans/2026-05-19-avmatrix-go-supported-language-property-ownership-member-access-graph-truth-evidence.md"
"docs","update-active-or-preserve-history","44","docs/plans/2026-05-19-avmatrix-go-supported-language-property-ownership-member-access-graph-truth-plan.md"
"docs","update-active-or-preserve-history","35","docs/plans/2026-05-19-avmatrix-multilanguage-graph-filters-and-coverage-benchmark.md"
"docs","update-active-or-preserve-history","170","docs/plans/2026-05-19-avmatrix-multilanguage-graph-filters-and-coverage-evidence.md"
"docs","update-active-or-preserve-history","44","docs/plans/2026-05-19-avmatrix-multilanguage-graph-filters-and-coverage-plan.md"
"docs","update-active-or-preserve-history","23","docs/plans/2026-05-19-web-ui-left-dashboard-graph-display-completeness-benchmark.md"
"docs","update-active-or-preserve-history","221","docs/plans/2026-05-19-web-ui-left-dashboard-graph-display-completeness-evidence.md"
"docs","update-active-or-preserve-history","23","docs/plans/2026-05-19-web-ui-left-dashboard-graph-display-completeness-plan.md"
"docs","update-active-or-preserve-history","29","docs/plans/2026-05-20-avmatrix-go-agent-context-generation-parity-benchmark.md"
"docs","update-active-or-preserve-history","138","docs/plans/2026-05-20-avmatrix-go-agent-context-generation-parity-evidence.md"
"docs","update-active-or-preserve-history","51","docs/plans/2026-05-20-avmatrix-go-agent-context-generation-parity-plan.md"
"docs","update-active-or-preserve-history","27","docs/plans/2026-05-20-avmatrix-orphan-node-connectivity-lens-benchmark.md"
"docs","update-active-or-preserve-history","263","docs/plans/2026-05-20-avmatrix-orphan-node-connectivity-lens-evidence.md"
"docs","update-active-or-preserve-history","20","docs/plans/2026-05-20-avmatrix-orphan-node-connectivity-lens-plan.md"
"docs","update-active-or-preserve-history","24","docs/plans/2026-05-20-avmatrix-web-filter-based-clustered-layout-manual-optimizer-benchmark.md"
"docs","update-active-or-preserve-history","124","docs/plans/2026-05-20-avmatrix-web-filter-based-clustered-layout-manual-optimizer-evidence.md"
"docs","update-active-or-preserve-history","11","docs/plans/2026-05-20-avmatrix-web-filter-based-clustered-layout-manual-optimizer-plan.md"
"docs","update-active-or-preserve-history","46","docs/plans/2026-05-21-avmatrix-exe-served-start-screen-benchmark.md"
"docs","update-active-or-preserve-history","114","docs/plans/2026-05-21-avmatrix-exe-served-start-screen-evidence.md"
"docs","update-active-or-preserve-history","101","docs/plans/2026-05-21-avmatrix-exe-served-start-screen-plan.md"
"docs","update-active-or-preserve-history","7","docs/plans/2026-05-21-avmatrix-graph-health-unknown-connectivity-separation-benchmark.md"
"docs","update-active-or-preserve-history","24","docs/plans/2026-05-21-avmatrix-graph-health-unknown-connectivity-separation-evidence.md"
"docs","update-active-or-preserve-history","18","docs/plans/2026-05-21-avmatrix-graph-health-unknown-connectivity-separation-plan.md"
"docs","update-active-or-preserve-history","22","docs/plans/2026-05-21-avmatrix-web-local-folder-picker-stuck-benchmark.md"
"docs","update-active-or-preserve-history","99","docs/plans/2026-05-21-avmatrix-web-local-folder-picker-stuck-evidence.md"
"docs","update-active-or-preserve-history","63","docs/plans/2026-05-21-avmatrix-web-local-folder-picker-stuck-plan.md"
"docs","update-active-or-preserve-history","267","docs/plans/2026-05-22-avmatrix-app-layer-resolution-gap-lens-benchmark.md"
"docs","update-active-or-preserve-history","386","docs/plans/2026-05-22-avmatrix-app-layer-resolution-gap-lens-evidence.md"
"docs","update-active-or-preserve-history","57","docs/plans/2026-05-22-avmatrix-app-layer-resolution-gap-lens-plan.md"
"docs","update-active-or-preserve-history","30","docs/plans/2026-05-23-avmatrix-skill-system-upgrade-benchmark.md"
"docs","update-active-or-preserve-history","717","docs/plans/2026-05-23-avmatrix-skill-system-upgrade-evidence.md"
"docs","update-active-or-preserve-history","195","docs/plans/2026-05-23-avmatrix-skill-system-upgrade-plan.md"
"docs","update-active-or-preserve-history","10","docs/plans/2026-05-26-avmatrix-runtime-lock-process-lifecycle-hardening-benchmark.md"
"docs","update-active-or-preserve-history","179","docs/plans/2026-05-26-avmatrix-runtime-lock-process-lifecycle-hardening-evidence.md"
"docs","update-active-or-preserve-history","31","docs/plans/2026-05-26-avmatrix-runtime-lock-process-lifecycle-hardening-plan.md"
"docs","update-active-or-preserve-history","5","docs/plans/2026-05-26-avmatrix-web-graph-node-spacing-overlap-hardening-benchmark.md"
"docs","update-active-or-preserve-history","175","docs/plans/2026-05-26-avmatrix-web-graph-node-spacing-overlap-hardening-evidence.md"
"docs","update-active-or-preserve-history","23","docs/plans/2026-05-26-avmatrix-web-graph-node-spacing-overlap-hardening-plan.md"
"docs","update-active-or-preserve-history","21","docs/plans/2026-05-27-avmatrix-web-graph-dynamic-scale-model-benchmark.md"
"docs","update-active-or-preserve-history","263","docs/plans/2026-05-27-avmatrix-web-graph-dynamic-scale-model-evidence.md"
"docs","update-active-or-preserve-history","108","docs/plans/2026-05-27-avmatrix-web-graph-dynamic-scale-model-plan.md"
"docs","update-active-or-preserve-history","14","docs/query-health/2026-05-22-avmatrix-app-layer-resolution-gap-suite.json"
"docs","update-active-or-preserve-history","6","docs/query-health/2026-05-23-avmatrix-skill-system-upgrade-suite.json"
"docs","update-active-or-preserve-history","15","docs/query-health/2026-05-26-avmatrix-skill-system-upgrade-p5-query-health.json"
"generated-contract","regenerate-from-generator","1","avmatrix-web/src/generated/avmatrix-contracts.ts"
"generated-contract","regenerate-from-generator","4","contracts/web-ui/avmatrix-web-contract.schema.json"
"generator-ai-context","edit-generator","85","internal/aicontext/aicontext_test.go"
"generator-ai-context","edit-generator","109","internal/aicontext/aicontext.go"
"generator-ai-context","edit-generator","14","internal/aicontext/skills/avmatrix-ai-context.md"
"generator-ai-context","edit-generator","11","internal/aicontext/skills/avmatrix-api-surface.md"
"generator-ai-context","edit-generator","50","internal/aicontext/skills/avmatrix-cli.md"
"generator-ai-context","edit-generator","10","internal/aicontext/skills/avmatrix-cross-repo.md"
"generator-ai-context","edit-generator","12","internal/aicontext/skills/avmatrix-debugging.md"
"generator-ai-context","edit-generator","15","internal/aicontext/skills/avmatrix-exploring.md"
"generator-ai-context","edit-generator","15","internal/aicontext/skills/avmatrix-graph-quality.md"
"generator-ai-context","edit-generator","32","internal/aicontext/skills/avmatrix-guide.md"
"generator-ai-context","edit-generator","6","internal/aicontext/skills/avmatrix-impact-analysis.md"
"generator-ai-context","edit-generator","7","internal/aicontext/skills/avmatrix-refactoring.md"
"generator-ai-context","edit-generator","18","internal/aicontext/skills/avmatrix-runtime-packaging.md"
"generator-source","edit-generator","1","cmd/generate-web-contracts/main.go"
"generator-source","edit-generator","14","cmd/graph-accuracy-probe/main.go"
"generator-source","edit-generator","5","internal/cli/group_command.go"
"generator-source","edit-generator","9","internal/cli/hook_command.go"
"generator-source","edit-generator","11","internal/cli/package_runtime.go"
"generator-source","edit-generator","4","internal/cli/resolution_inventory_command.go"
"generator-source","edit-generator","8","internal/cli/setup_command.go"
"generator-source","edit-generator","3","internal/cli/source_site_accuracy_command.go"
"generator-source","edit-generator","7","internal/contracts/legacy_contract_snapshot_conversion_test.go"
"generator-source","edit-generator","2","internal/contracts/web_ui_test.go"
"generator-source","edit-generator","10","internal/contracts/web_ui.go"
"generator-source","edit-generator","2","internal/group/http_contracts.go"
"generator-source","edit-generator","2","internal/group/monorepo_sync_test.go"
"generator-source","edit-generator","3","internal/group/query_test.go"
"generator-source","edit-generator","3","internal/group/query.go"
"generator-source","edit-generator","1","internal/group/status.go"
"generator-source","edit-generator","1","internal/group/storage.go"
"generator-source","edit-generator","3","internal/group/sync_benchmark_test.go"
"generator-source","edit-generator","4","internal/group/sync_test.go"
"generator-source","edit-generator","1","internal/group/sync.go"
"generator-source","edit-generator","1","internal/mcp/group_tools.go"
"generator-source","edit-generator","14","internal/mcp/prompts.go"
"generator-source","edit-generator","29","internal/mcp/resources.go"
"generator-source","edit-generator","16","internal/mcp/tools.go"
"generator-source","edit-generator","1","internal/repo/contract_shape_test.go"
"generator-source","edit-generator","4","internal/repo/identity_test.go"
"generator-source","edit-generator","16","internal/repo/lock_test.go"
"generator-source","edit-generator","2","internal/repo/lock.go"
"generator-source","edit-generator","1","internal/repo/meta_test.go"
"generator-source","edit-generator","3","internal/repo/paths_test.go"
"generator-source","edit-generator","2","internal/repo/paths.go"
"github-automation","rename-in-place","17",".github/workflows/ci-e2e.yml"
"launcher","rename-in-place","13","avmatrix-launcher/build.ps1"
"launcher","rename-in-place","1","avmatrix-launcher/server-wrapper/go.mod"
"launcher","rename-in-place","3","avmatrix-launcher/server-wrapper/main.go"
"launcher","rename-in-place","1","avmatrix-launcher/src/go.mod"
"launcher","rename-in-place","19","avmatrix-launcher/src/main_test.go"
"launcher","rename-in-place","19","avmatrix-launcher/src/main.go"
"npm-package","rename-in-place","18","avmatrix/CHANGELOG.md"
"npm-package","rename-in-place","4","avmatrix/package-lock.json"
"npm-package","rename-in-place","22","avmatrix/package.json"
"npm-package","rename-in-place","107","avmatrix/README.md"
"npm-package","rename-in-place","5","avmatrix/shadow-parity-dashboard/index.html"
"report","preserve-or-delete-stale","1","reports/benchmark/2026-05-06-avmatrix-awaited-call-return-gitnexus-main-run2.json"
"report","preserve-or-delete-stale","1","reports/benchmark/2026-05-06-avmatrix-awaited-call-return-gitnexus-main-run3.json"
"report","preserve-or-delete-stale","1","reports/benchmark/2026-05-06-avmatrix-awaited-call-return-gitnexus-main.json"
"report","preserve-or-delete-stale","1","reports/benchmark/2026-05-06-avmatrix-call-return-gitnexus-main.json"
"report","preserve-or-delete-stale","2","reports/benchmark/2026-05-06-avmatrix-current-gitnexus-main.json"
"report","preserve-or-delete-stale","1","reports/benchmark/2026-05-06-avmatrix-owner-member-index-gitnexus-main.json"
"report","preserve-or-delete-stale","2","reports/benchmark/2026-05-06-avmatrix-parallel-resolution-gitnexus-main.json"
"report","preserve-or-delete-stale","2","reports/benchmark/2026-05-06-avmatrix-safe-default-gitnexus-main.json"
"report","preserve-or-delete-stale","1","reports/benchmark/2026-05-06-avmatrix-ts-interface-typealias-gitnexus-main.json"
"report","preserve-or-delete-stale","1","reports/benchmark/2026-05-07-avmatrix-auto-reference-worker-threshold-gitnexus-main.json"
"report","preserve-or-delete-stale","1","reports/benchmark/2026-05-07-avmatrix-auto-skip-covered-crossfile-gitnexus-main.json"
"report","preserve-or-delete-stale","1","reports/benchmark/2026-05-07-avmatrix-callable-property-scope-gitnexus-main.json"
"report","preserve-or-delete-stale","1","reports/benchmark/2026-05-07-avmatrix-callable-property-scope-only-crossfile-skip-gitnexus-main.json"
"report","preserve-or-delete-stale","1","reports/benchmark/2026-05-07-avmatrix-chained-receiver-scope-gitnexus-main.json"
"report","preserve-or-delete-stale","1","reports/benchmark/2026-05-07-avmatrix-chained-receiver-scope-only-crossfile-skip-gitnexus-main.json"
"report","preserve-or-delete-stale","1","reports/benchmark/2026-05-07-avmatrix-deterministic-member-access-gitnexus-main-run2.json"
"report","preserve-or-delete-stale","1","reports/benchmark/2026-05-07-avmatrix-deterministic-member-access-gitnexus-main.json"
"report","preserve-or-delete-stale","1","reports/benchmark/2026-05-07-avmatrix-final-equivalent-accuracy-run1-gitnexus-main.json"
"report","preserve-or-delete-stale","1","reports/benchmark/2026-05-07-avmatrix-final-equivalent-accuracy-run2-gitnexus-main.json"
"report","preserve-or-delete-stale","1","reports/benchmark/2026-05-07-avmatrix-final-equivalent-accuracy-run3-gitnexus-main.json"
"report","preserve-or-delete-stale","1","reports/benchmark/2026-05-07-avmatrix-for-of-call-return-element-gitnexus-main.json"
"report","preserve-or-delete-stale","1","reports/benchmark/2026-05-07-avmatrix-for-of-variable-element-gitnexus-main.json"
"report","preserve-or-delete-stale","1","reports/benchmark/2026-05-07-avmatrix-imported-exported-variable-scope-gitnexus-main.json"
"report","preserve-or-delete-stale","1","reports/benchmark/2026-05-07-avmatrix-jsdoc-param-scope-gitnexus-main.json"
"report","preserve-or-delete-stale","1","reports/benchmark/2026-05-07-avmatrix-member-derived-type-bindings-gitnexus-main.json"
"report","preserve-or-delete-stale","1","reports/benchmark/2026-05-07-avmatrix-object-pattern-call-result-gitnexus-main.json"
"report","preserve-or-delete-stale","1","reports/benchmark/2026-05-07-avmatrix-object-pattern-field-access-gitnexus-main.json"
"report","preserve-or-delete-stale","1","reports/benchmark/2026-05-07-avmatrix-python-annotated-self-field-gitnexus-main.json"
"report","preserve-or-delete-stale","1","reports/benchmark/2026-05-07-avmatrix-python-scope-captures-gitnexus-main.json"
"report","preserve-or-delete-stale","1","reports/benchmark/2026-05-07-avmatrix-python-scope-captures-scope-only-crossfile-skip-gitnexus-main.json"
"report","preserve-or-delete-stale","1","reports/benchmark/2026-05-07-avmatrix-python-scope-emit-map-gitnexus-main.json"
"report","preserve-or-delete-stale","1","reports/benchmark/2026-05-07-avmatrix-python-scope-emit-map-scope-only-crossfile-skip-gitnexus-main.json"
"report","preserve-or-delete-stale","1","reports/benchmark/2026-05-07-avmatrix-python-single-pass-coverage-gitnexus-main.json"
"report","preserve-or-delete-stale","1","reports/benchmark/2026-05-07-avmatrix-receiver-propagated-alias-gitnexus-main.json"
"report","preserve-or-delete-stale","1","reports/benchmark/2026-05-07-avmatrix-reference-workers-current-gitnexus-main.json"
"report","preserve-or-delete-stale","1","reports/benchmark/2026-05-07-avmatrix-reference-workers-force2-gitnexus-main.json"
"report","preserve-or-delete-stale","1","reports/benchmark/2026-05-07-avmatrix-resolution-workers-estimated-index-gitnexus-main.json"
"report","preserve-or-delete-stale","1","reports/benchmark/2026-05-07-avmatrix-resolution-workers-gitnexus-main.json"
"report","preserve-or-delete-stale","1","reports/benchmark/2026-05-07-avmatrix-scope-only-crossfile-skip-gitnexus-main.json"
"report","preserve-or-delete-stale","1","reports/benchmark/2026-05-07-avmatrix-semantic-benchmark-metrics-gitnexus-main.json"
"report","preserve-or-delete-stale","1","reports/benchmark/2026-05-07-avmatrix-semantic-benchmark-metrics-scope-only-crossfile-skip-gitnexus-main.json"
"report","preserve-or-delete-stale","1","reports/benchmark/2026-05-07-avmatrix-strategy-aware-method-dispatch-gitnexus-main.json"
"report","preserve-or-delete-stale","112","reports/benchmark/2026-05-16-120908-avmatrix-go-self-analyze.json"
"report","preserve-or-delete-stale","55","reports/benchmark/2026-05-16-120908-avmatrix-go-self-analyze.md"
"report","preserve-or-delete-stale","16","reports/problem/2026-05-22-avmatrix-app-layer-resolution-gap-discussion.md"
"report","preserve-or-delete-stale","58","reports/problem/2026-05-26-avmatrix-deadcode-audit.md"
"report","preserve-or-delete-stale","2","reports/problem/2026-05-28-phase8-current-build-baseline.json"
"report","preserve-or-delete-stale","2","reports/problem/2026-05-28-phase8-launcher-final.json"
"report","preserve-or-delete-stale","1","reports/problem/2026-05-28-phase8-packaged-launcher-baseline.json"
"report","preserve-or-delete-stale","20","reports/problem/pb_supervisor_260508_135457_by_gpt-5_web_cli_analyze_contract_drift.md"
"report","preserve-or-delete-stale","3","reports/problem/pb_supervisor_260512_160919_by_gpt-5_phase13_mcp_tool_runtime_contract.md"
"report","preserve-or-delete-stale","3","reports/problem/screenshot_20260520_documentation_center_after-diagnostics.json"
"report","preserve-or-delete-stale","74","reports/Supervisor/rp_supervisor_260420_203824_by_gpt-5-codex_phase-1-local-runtime.md"
"report","preserve-or-delete-stale","32","reports/Supervisor/rp_supervisor_260420_211103_by_gpt-5-codex_phase-1-rereview.md"
"report","preserve-or-delete-stale","34","reports/Supervisor/rp_supervisor_260420_213131_by_gpt-5-codex_phase-1-rereview-2.md"
"report","preserve-or-delete-stale","30","reports/Supervisor/rp_supervisor_260420_215037_by_gpt-5-codex_phase-1-rereview-3.md"
"report","preserve-or-delete-stale","31","reports/Supervisor/rp_supervisor_260420_215930_by_gpt-5-codex_phase-1-verdict-correction.md"
"report","preserve-or-delete-stale","41","reports/Supervisor/rp_supervisor_260421_072649_by_gpt-5-codex_phase-2-3-4-review.md"
"report","preserve-or-delete-stale","65","reports/Supervisor/rp_supervisor_260421_080611_by_gpt-5-codex_phase-3-4-5-review.md"
"report","preserve-or-delete-stale","69","reports/Supervisor/rp_supervisor_260421_080748_by_gpt-5-codex_phase-3-4-5-review-correction.md"
"report","preserve-or-delete-stale","45","reports/Supervisor/rp_supervisor_260421_083438_by_gpt-5-codex_phase-3-4-5-6-review.md"
"report","preserve-or-delete-stale","35","reports/Supervisor/rp_supervisor_260421_094728_by_gpt-5-codex_phase-3-4-5-6-rereview.md"
"report","preserve-or-delete-stale","33","reports/Supervisor/rp_supervisor_260421_110813_by_gpt-5-codex_phase-4-rereview.md"
"report","preserve-or-delete-stale","18","reports/Supervisor/rp_supervisor_260421_150120_by_gpt-5-codex_separate-chat-from-graph-review.md"
"report","preserve-or-delete-stale","7","reports/Supervisor/rp_supervisor_260506_195333_by_gpt-5-codex_accurate_single_pass_graph_review_reject.md"
"report","preserve-or-delete-stale","8","reports/Supervisor/rp_supervisor_260507_105912_by_gpt-5-codex_accurate_single_pass_graph_rereview_reject.md"
"report","preserve-or-delete-stale","37","reports/Supervisor/rp_supervisor_260508_181008_by_gpt-5_web_ui_full_analyze_contract_rereview_reject.md"
"report","preserve-or-delete-stale","31","reports/Supervisor/rp_supervisor_260508_183325_by_gpt-5_web_ui_full_analyze_contract_rereview_approve.md"
"report","preserve-or-delete-stale","10","reports/Supervisor/rp_supervisor_260512_160919_by_gpt-5_phase1-13_cumulative_review_reject.md"
"report","preserve-or-delete-stale","6","reports/Supervisor/rp_supervisor_260512_182614_by_gpt-5_phase13_mcp_runtime_contract_rereview_approve.md"
"source-or-config","rename-in-place","3",".dockerignore"
"source-or-config","rename-in-place","4",".env.example"
"source-or-config","rename-in-place","23",".gitignore"
"source-or-config","rename-in-place","2",".mcp.json"
"source-or-config","rename-in-place","40","ARCHITECTURE.md"
"source-or-config","rename-in-place","20","CHANGELOG.md"
"source-or-config","rename-in-place","63","CONTRIBUTING.md"
"source-or-config","rename-in-place","9","docker-compose.yaml"
"source-or-config","rename-in-place","16","Dockerfile.cli"
"source-or-config","rename-in-place","10","Dockerfile.web"
"source-or-config","rename-in-place","8","eslint.config.mjs"
"source-or-config","rename-in-place","1","go.mod"
"source-or-config","rename-in-place","32","GUARDRAILS.md"
"source-or-config","rename-in-place","7","internal/analyze/analyze_test.go"
"source-or-config","rename-in-place","37","internal/analyze/analyze.go"
"source-or-config","rename-in-place","3","internal/analyze/legacy_resolver_conversion_test.go"
"source-or-config","rename-in-place","3","internal/analyze/legacy_runtime_pipeline_conversion_test.go"
"source-or-config","rename-in-place","3","internal/analyze/pipeline_parity_test.go"
"source-or-config","rename-in-place","2","internal/analyze/process_config_test.go"
"source-or-config","rename-in-place","11","internal/cli/admin_command.go"
"source-or-config","rename-in-place","3","internal/cli/analyze_postrun.go"
"source-or-config","rename-in-place","4","internal/cli/api_command_test.go"
"source-or-config","rename-in-place","1","internal/cli/benchmark_command.go"
"source-or-config","rename-in-place","81","internal/cli/command_test.go"
"source-or-config","rename-in-place","13","internal/cli/command.go"
"source-or-config","rename-in-place","18","internal/cli/doctor_command.go"
"source-or-config","rename-in-place","5","internal/cli/graph_health_command_test.go"
"source-or-config","rename-in-place","6","internal/cli/graph_health_command.go"
"source-or-config","rename-in-place","44","internal/cli/hook_command_test.go"
"source-or-config","rename-in-place","2","internal/cli/legacy_augmentation_conversion_test.go"
"source-or-config","rename-in-place","1","internal/cli/list_command.go"
"source-or-config","rename-in-place","22","internal/cli/package_command_test.go"
"source-or-config","rename-in-place","6","internal/cli/query_health_command_test.go"
"source-or-config","rename-in-place","4","internal/cli/query_health_command.go"
"source-or-config","rename-in-place","4","internal/cli/status_command.go"
"source-or-config","rename-in-place","8","internal/cli/tool_command.go"
"source-or-config","rename-in-place","3","internal/cli/wiki_command.go"
"source-or-config","rename-in-place","4","internal/cobol/cobol_legacy_test.go"
"source-or-config","rename-in-place","4","internal/cobol/cobol_test.go"
"source-or-config","rename-in-place","3","internal/cobol/cobol.go"
"source-or-config","rename-in-place","2","internal/communities/cohesion_test.go"
"source-or-config","rename-in-place","2","internal/communities/communities_test.go"
"source-or-config","rename-in-place","2","internal/communities/communities.go"
"source-or-config","rename-in-place","3","internal/documents/documents_test.go"
"source-or-config","rename-in-place","3","internal/documents/documents.go"
"source-or-config","rename-in-place","1","internal/embeddings/chunk_test.go"
"source-or-config","rename-in-place","1","internal/embeddings/chunk.go"
"source-or-config","rename-in-place","5","internal/embeddings/config.go"
"source-or-config","rename-in-place","1","internal/embeddings/http_client_test.go"
"source-or-config","rename-in-place","1","internal/embeddings/labels.go"
"source-or-config","rename-in-place","2","internal/embeddings/local.go"
"source-or-config","rename-in-place","3","internal/embeddings/pipeline_test.go"
"source-or-config","rename-in-place","3","internal/embeddings/pipeline.go"
"source-or-config","rename-in-place","1","internal/embeddings/search_test.go"
"source-or-config","rename-in-place","2","internal/embeddings/search.go"
"source-or-config","rename-in-place","2","internal/embeddings/text_test.go"
"source-or-config","rename-in-place","2","internal/embeddings/text.go"
"source-or-config","rename-in-place","2","internal/frameworks/ast.go"
"source-or-config","rename-in-place","4","internal/frameworks/frameworks_test.go"
"source-or-config","rename-in-place","1","internal/graph/snapshot_test.go"
"source-or-config","rename-in-place","1","internal/graph/types_test.go"
"source-or-config","rename-in-place","1","internal/graph/types.go"
"source-or-config","rename-in-place","2","internal/graphaccuracy/access_candidate.go"
"source-or-config","rename-in-place","1","internal/graphaccuracy/property_access.go"
"source-or-config","rename-in-place","2","internal/graphhealth/compute_test.go"
"source-or-config","rename-in-place","2","internal/graphhealth/compute.go"
"source-or-config","rename-in-place","1","internal/graphhealth/diagnostics.go"
"source-or-config","rename-in-place","1","internal/graphhealth/policy.go"
"source-or-config","rename-in-place","1","internal/graphhealth/report.go"
"source-or-config","rename-in-place","2","internal/graphhealth/resolution_gap_aggregation_test.go"
"source-or-config","rename-in-place","1","internal/graphhealth/resolution_gap_aggregation.go"
"source-or-config","rename-in-place","2","internal/graphhealth/resolution_gap_inputs_test.go"
"source-or-config","rename-in-place","2","internal/graphhealth/resolution_gap_inputs.go"
"source-or-config","rename-in-place","2","internal/graphhealth/resolution_gap_validation_test.go"
"source-or-config","rename-in-place","2","internal/graphhealth/resolution_gap_validation.go"
"source-or-config","rename-in-place","2","internal/graphhealth/resolution_health.go"
"source-or-config","rename-in-place","1","internal/httpapi/analyze_test.go"
"source-or-config","rename-in-place","5","internal/httpapi/analyze.go"
"source-or-config","rename-in-place","1","internal/httpapi/cors_test.go"
"source-or-config","rename-in-place","7","internal/httpapi/embed_test.go"
"source-or-config","rename-in-place","6","internal/httpapi/embed.go"
"source-or-config","rename-in-place","1","internal/httpapi/file.go"
"source-or-config","rename-in-place","6","internal/httpapi/graph.go"
"source-or-config","rename-in-place","1","internal/httpapi/grep.go"
"source-or-config","rename-in-place","6","internal/httpapi/handlers_test.go"
"source-or-config","rename-in-place","1","internal/httpapi/jobs.go"
"source-or-config","rename-in-place","1","internal/httpapi/local_folder_picker.go"
"source-or-config","rename-in-place","1","internal/httpapi/mcp_test.go"
"source-or-config","rename-in-place","2","internal/httpapi/mcp.go"
"source-or-config","rename-in-place","2","internal/httpapi/panels.go"
"source-or-config","rename-in-place","3","internal/httpapi/query.go"
"source-or-config","rename-in-place","3","internal/httpapi/repos.go"
"source-or-config","rename-in-place","13","internal/httpapi/search_test.go"
"source-or-config","rename-in-place","3","internal/httpapi/search.go"
"source-or-config","rename-in-place","3","internal/httpapi/server.go"
"source-or-config","rename-in-place","1","internal/httpapi/session_test.go"
"source-or-config","rename-in-place","1","internal/httpapi/session.go"
"source-or-config","rename-in-place","7","internal/ignore/matcher_test.go"
"source-or-config","rename-in-place","3","internal/ignore/matcher.go"
"source-or-config","rename-in-place","2","internal/lbugload/benchmark_test.go"
"source-or-config","rename-in-place","3","internal/lbugload/csv_test.go"
"source-or-config","rename-in-place","3","internal/lbugload/csv.go"
"source-or-config","rename-in-place","2","internal/lbugload/legacy_scope_audit_conversion_test.go"
"source-or-config","rename-in-place","2","internal/lbugload/load_test.go"
"source-or-config","rename-in-place","1","internal/lbugload/queries.go"
"source-or-config","rename-in-place","6","internal/lbugnative/integration_ladybugdb_test.go"
"source-or-config","rename-in-place","1","internal/lbugnative/native_ladybugdb.go"
"source-or-config","rename-in-place","2","internal/lbugnative/runner_ladybugdb.go"
"source-or-config","rename-in-place","1","internal/lbugnative/runner.go"
"source-or-config","rename-in-place","1","internal/lbugruntime/embedding_cache_test.go"
"source-or-config","rename-in-place","1","internal/lbugruntime/embedding_cache.go"
"source-or-config","rename-in-place","1","internal/lbugschema/schema.go"
"source-or-config","rename-in-place","3","internal/mcp/context_index_test.go"
"source-or-config","rename-in-place","2","internal/mcp/context_index.go"
"source-or-config","rename-in-place","4","internal/mcp/context_semantic_test.go"
"source-or-config","rename-in-place","3","internal/mcp/context.go"
"source-or-config","rename-in-place","1","internal/mcp/detect_changes_large_test.go"
"source-or-config","rename-in-place","4","internal/mcp/detect_changes_semantic_test.go"
"source-or-config","rename-in-place","5","internal/mcp/detect_changes.go"
"source-or-config","rename-in-place","2","internal/mcp/group_tools_test.go"
"source-or-config","rename-in-place","2","internal/mcp/impact_class_topology_test.go"
"source-or-config","rename-in-place","3","internal/mcp/impact_profile_test.go"
"source-or-config","rename-in-place","5","internal/mcp/impact_semantic_test.go"
"source-or-config","rename-in-place","4","internal/mcp/impact.go"
"source-or-config","rename-in-place","1","internal/mcp/legacy_stdio_transport_conversion_test.go"
"source-or-config","rename-in-place","10","internal/mcp/prompts_test.go"
"source-or-config","rename-in-place","3","internal/mcp/query_profile_test.go"
"source-or-config","rename-in-place","10","internal/mcp/query_semantic_test.go"
"source-or-config","rename-in-place","1","internal/mcp/rename.go"
"source-or-config","rename-in-place","1","internal/mcp/resource_cache.go"
"source-or-config","rename-in-place","23","internal/mcp/resources_parity_test.go"
"source-or-config","rename-in-place","1","internal/mcp/route_shape_impact.go"
"source-or-config","rename-in-place","3","internal/mcp/route_tool_map.go"
"source-or-config","rename-in-place","4","internal/mcp/semantic_command_surface_edge_test.go"
"source-or-config","rename-in-place","30","internal/mcp/server_test.go"
"source-or-config","rename-in-place","10","internal/mcp/server.go"
"source-or-config","rename-in-place","8","internal/mcp/testdata/typescript_baseline_surface.json"
"source-or-config","rename-in-place","2","internal/mro/mro_test.go"
"source-or-config","rename-in-place","2","internal/mro/mro.go"
"source-or-config","rename-in-place","4","internal/orm/orm_test.go"
"source-or-config","rename-in-place","3","internal/orm/orm.go"
"source-or-config","rename-in-place","1","internal/parser/legacy_worker_pool_conversion_test.go"
"source-or-config","rename-in-place","1","internal/parser/parse.go"
"source-or-config","rename-in-place","2","internal/parser/parser_readiness_test.go"
"source-or-config","rename-in-place","1","internal/parser/parser_test.go"
"source-or-config","rename-in-place","1","internal/parser/registry_test.go"
"source-or-config","rename-in-place","1","internal/parser/registry.go"
"source-or-config","rename-in-place","2","internal/processes/processes_test.go"
"source-or-config","rename-in-place","2","internal/processes/processes.go"
"source-or-config","rename-in-place","4","internal/providers/astro/extract_test.go"
"source-or-config","rename-in-place","3","internal/providers/astro/extract.go"
"source-or-config","rename-in-place","1","internal/providers/c/definitions.go"
"source-or-config","rename-in-place","5","internal/providers/c/extract_test.go"
"source-or-config","rename-in-place","2","internal/providers/c/extract.go"
"source-or-config","rename-in-place","1","internal/providers/c/imports.go"
"source-or-config","rename-in-place","1","internal/providers/c/nodes.go"
"source-or-config","rename-in-place","1","internal/providers/c/references.go"
"source-or-config","rename-in-place","1","internal/providers/c/scopes.go"
"source-or-config","rename-in-place","1","internal/providers/c/types.go"
"source-or-config","rename-in-place","1","internal/providers/cpp/definitions.go"
"source-or-config","rename-in-place","5","internal/providers/cpp/extract_test.go"
"source-or-config","rename-in-place","2","internal/providers/cpp/extract.go"
"source-or-config","rename-in-place","1","internal/providers/cpp/imports.go"
"source-or-config","rename-in-place","1","internal/providers/cpp/nodes.go"
"source-or-config","rename-in-place","1","internal/providers/cpp/references.go"
"source-or-config","rename-in-place","1","internal/providers/cpp/scopes.go"
"source-or-config","rename-in-place","1","internal/providers/cpp/types.go"
"source-or-config","rename-in-place","1","internal/providers/csharp/definitions.go"
"source-or-config","rename-in-place","5","internal/providers/csharp/extract_test.go"
"source-or-config","rename-in-place","2","internal/providers/csharp/extract.go"
"source-or-config","rename-in-place","1","internal/providers/csharp/imports.go"
"source-or-config","rename-in-place","1","internal/providers/csharp/nodes.go"
"source-or-config","rename-in-place","1","internal/providers/csharp/references.go"
"source-or-config","rename-in-place","1","internal/providers/csharp/scopes.go"
"source-or-config","rename-in-place","1","internal/providers/csharp/types.go"
"source-or-config","rename-in-place","1","internal/providers/dart/definitions.go"
"source-or-config","rename-in-place","5","internal/providers/dart/extract_test.go"
"source-or-config","rename-in-place","2","internal/providers/dart/extract.go"
"source-or-config","rename-in-place","1","internal/providers/dart/imports.go"
"source-or-config","rename-in-place","1","internal/providers/dart/nodes.go"
"source-or-config","rename-in-place","1","internal/providers/dart/references.go"
"source-or-config","rename-in-place","1","internal/providers/dart/scopes.go"
"source-or-config","rename-in-place","1","internal/providers/dart/types.go"
"source-or-config","rename-in-place","1","internal/providers/golang/definitions.go"
"source-or-config","rename-in-place","6","internal/providers/golang/extract_test.go"
"source-or-config","rename-in-place","2","internal/providers/golang/extract.go"
"source-or-config","rename-in-place","1","internal/providers/golang/imports.go"
"source-or-config","rename-in-place","1","internal/providers/golang/nodes.go"
"source-or-config","rename-in-place","1","internal/providers/golang/references.go"
"source-or-config","rename-in-place","1","internal/providers/golang/scopes.go"
"source-or-config","rename-in-place","1","internal/providers/golang/types.go"
"source-or-config","rename-in-place","1","internal/providers/java/definitions.go"
"source-or-config","rename-in-place","5","internal/providers/java/extract_test.go"
"source-or-config","rename-in-place","2","internal/providers/java/extract.go"
"source-or-config","rename-in-place","1","internal/providers/java/imports.go"
"source-or-config","rename-in-place","1","internal/providers/java/nodes.go"
"source-or-config","rename-in-place","1","internal/providers/java/references.go"
"source-or-config","rename-in-place","1","internal/providers/java/scopes.go"
"source-or-config","rename-in-place","1","internal/providers/java/types.go"
"source-or-config","rename-in-place","1","internal/providers/kotlin/definitions.go"
"source-or-config","rename-in-place","5","internal/providers/kotlin/extract_test.go"
"source-or-config","rename-in-place","2","internal/providers/kotlin/extract.go"
"source-or-config","rename-in-place","1","internal/providers/kotlin/imports.go"
"source-or-config","rename-in-place","1","internal/providers/kotlin/nodes.go"
"source-or-config","rename-in-place","1","internal/providers/kotlin/references.go"
"source-or-config","rename-in-place","1","internal/providers/kotlin/scopes.go"
"source-or-config","rename-in-place","1","internal/providers/kotlin/types.go"
"source-or-config","rename-in-place","1","internal/providers/php/definitions.go"
"source-or-config","rename-in-place","5","internal/providers/php/extract_test.go"
"source-or-config","rename-in-place","2","internal/providers/php/extract.go"
"source-or-config","rename-in-place","1","internal/providers/php/imports.go"
"source-or-config","rename-in-place","1","internal/providers/php/nodes.go"
"source-or-config","rename-in-place","1","internal/providers/php/references.go"
"source-or-config","rename-in-place","1","internal/providers/php/scopes.go"
"source-or-config","rename-in-place","1","internal/providers/php/types.go"
"source-or-config","rename-in-place","18","internal/providers/provider_parity_test.go"
"source-or-config","rename-in-place","1","internal/providers/python/definitions.go"
"source-or-config","rename-in-place","5","internal/providers/python/extract_test.go"
"source-or-config","rename-in-place","2","internal/providers/python/extract.go"
"source-or-config","rename-in-place","1","internal/providers/python/imports.go"
"source-or-config","rename-in-place","1","internal/providers/python/nodes.go"
"source-or-config","rename-in-place","1","internal/providers/python/references.go"
"source-or-config","rename-in-place","1","internal/providers/python/scopes.go"
"source-or-config","rename-in-place","1","internal/providers/python/types.go"
"source-or-config","rename-in-place","1","internal/providers/ruby/definitions.go"
"source-or-config","rename-in-place","5","internal/providers/ruby/extract_test.go"
"source-or-config","rename-in-place","2","internal/providers/ruby/extract.go"
"source-or-config","rename-in-place","1","internal/providers/ruby/imports.go"
"source-or-config","rename-in-place","1","internal/providers/ruby/nodes.go"
"source-or-config","rename-in-place","1","internal/providers/ruby/references.go"
"source-or-config","rename-in-place","1","internal/providers/ruby/scopes.go"
"source-or-config","rename-in-place","1","internal/providers/rust/definitions.go"
"source-or-config","rename-in-place","5","internal/providers/rust/extract_test.go"
"source-or-config","rename-in-place","2","internal/providers/rust/extract.go"
"source-or-config","rename-in-place","1","internal/providers/rust/imports.go"
"source-or-config","rename-in-place","1","internal/providers/rust/nodes.go"
"source-or-config","rename-in-place","1","internal/providers/rust/references.go"
"source-or-config","rename-in-place","1","internal/providers/rust/scopes.go"
"source-or-config","rename-in-place","1","internal/providers/rust/types.go"
"source-or-config","rename-in-place","1","internal/providers/sfc/extract_test.go"
"source-or-config","rename-in-place","4","internal/providers/sfc/extract.go"
"source-or-config","rename-in-place","4","internal/providers/svelte/extract_test.go"
"source-or-config","rename-in-place","3","internal/providers/svelte/extract.go"
"source-or-config","rename-in-place","1","internal/providers/swift/definitions.go"
"source-or-config","rename-in-place","5","internal/providers/swift/extract_test.go"
"source-or-config","rename-in-place","2","internal/providers/swift/extract.go"
"source-or-config","rename-in-place","1","internal/providers/swift/imports.go"
"source-or-config","rename-in-place","1","internal/providers/swift/nodes.go"
"source-or-config","rename-in-place","1","internal/providers/swift/references.go"
"source-or-config","rename-in-place","1","internal/providers/swift/scopes.go"
"source-or-config","rename-in-place","1","internal/providers/swift/types.go"
"source-or-config","rename-in-place","1","internal/providers/tsjs/definitions.go"
"source-or-config","rename-in-place","5","internal/providers/tsjs/extract_test.go"
"source-or-config","rename-in-place","2","internal/providers/tsjs/extract.go"
"source-or-config","rename-in-place","1","internal/providers/tsjs/imports.go"
"source-or-config","rename-in-place","3","internal/providers/tsjs/legacy_p7_type_env_conversion_test.go"
"source-or-config","rename-in-place","2","internal/providers/tsjs/legacy_scope_captures_test.go"
"source-or-config","rename-in-place","1","internal/providers/tsjs/nodes.go"
"source-or-config","rename-in-place","1","internal/providers/tsjs/references.go"
"source-or-config","rename-in-place","1","internal/providers/tsjs/scope_id_test.go"
"source-or-config","rename-in-place","1","internal/providers/tsjs/scopes.go"
"source-or-config","rename-in-place","1","internal/providers/tsjs/types.go"
"source-or-config","rename-in-place","4","internal/providers/vue/extract_test.go"
"source-or-config","rename-in-place","3","internal/providers/vue/extract.go"
"source-or-config","rename-in-place","3","internal/resolution/access_audit_test.go"
"source-or-config","rename-in-place","1","internal/resolution/access_audit.go"
"source-or-config","rename-in-place","1","internal/resolution/binding_accumulator_test.go"
"source-or-config","rename-in-place","1","internal/resolution/binding_accumulator.go"
"source-or-config","rename-in-place","4","internal/resolution/emit.go"
"source-or-config","rename-in-place","1","internal/resolution/graph_parity_test.go"
"source-or-config","rename-in-place","2","internal/resolution/import_resolution.go"
"source-or-config","rename-in-place","5","internal/resolution/indexes.go"
"source-or-config","rename-in-place","3","internal/resolution/legacy_heritage_map_conversion_test.go"
"source-or-config","rename-in-place","5","internal/resolution/legacy_import_language_conversion_test.go"
"source-or-config","rename-in-place","3","internal/resolution/legacy_p7_conversion_test.go"
"source-or-config","rename-in-place","4","internal/resolution/legacy_parity_test.go"
"source-or-config","rename-in-place","3","internal/resolution/legacy_scope_indexes_test.go"
"source-or-config","rename-in-place","3","internal/resolution/legacy_scope_symbol_semantics_conversion_test.go"
"source-or-config","rename-in-place","2","internal/resolution/legacy_suffix_index_ambiguity_conversion_test.go"
"source-or-config","rename-in-place","4","internal/resolution/proof_accuracy_golden_test.go"
"source-or-config","rename-in-place","10","internal/resolution/resolution_test.go"
"source-or-config","rename-in-place","3","internal/resolution/resolve.go"
"source-or-config","rename-in-place","1","internal/resolution/shadow_test.go"
"source-or-config","rename-in-place","2","internal/resolution/shadow.go"
"source-or-config","rename-in-place","2","internal/resolution/source_site.go"
"source-or-config","rename-in-place","5","internal/resolution/type_alias_test.go"
"source-or-config","rename-in-place","2","internal/resolution/types.go"
"source-or-config","rename-in-place","4","internal/routes/routes_test.go"
"source-or-config","rename-in-place","3","internal/routes/routes.go"
"source-or-config","rename-in-place","5","internal/scanner/scan_test.go"
"source-or-config","rename-in-place","1","internal/scanner/scan.go"
"source-or-config","rename-in-place","1","internal/scanner/selection.go"
"source-or-config","rename-in-place","1","internal/scopeir/ir.go"
"source-or-config","rename-in-place","1","internal/scopeir/scopeir_test.go"
"source-or-config","rename-in-place","15","internal/semantic/app_layer_test.go"
"source-or-config","rename-in-place","17","internal/semantic/app_layer.go"
"source-or-config","rename-in-place","15","internal/semantic/functional_area.go"
"source-or-config","rename-in-place","2","internal/semantic/metadata.go"
"source-or-config","rename-in-place","3","internal/session/codex.go"
"source-or-config","rename-in-place","1","internal/session/controller_test.go"
"source-or-config","rename-in-place","1","internal/session/controller.go"
"source-or-config","rename-in-place","1","internal/session/resolver.go"
"source-or-config","rename-in-place","3","internal/structure/structure_test.go"
"source-or-config","rename-in-place","3","internal/structure/structure.go"
"source-or-config","rename-in-place","2","internal/testutil/path_test.go"
"source-or-config","rename-in-place","4","internal/tools/tools_test.go"
"source-or-config","rename-in-place","3","internal/tools/tools.go"
"source-or-config","rename-in-place","1","internal/version/version_test.go"
"source-or-config","rename-in-place","1","internal/version/version.go"
"source-or-config","rename-in-place","2","package-lock.json"
"source-or-config","rename-in-place","1","package.json"
"source-or-config","rename-in-place","172","README.md"
"source-or-config","rename-in-place","84","RUNBOOK.md"
"source-or-config","rename-in-place","1","scripts/ensure-ladybug-native.ps1"
"source-or-config","rename-in-place","1","scripts/ensure-ladybug-native.sh"
"source-or-config","rename-in-place","38","TESTING.md"
"web-ui","rename-in-place","2","avmatrix-web/e2e/graph-health-ui.spec.ts"
"web-ui","rename-in-place","24","avmatrix-web/e2e/graph-orientation-labels.spec.ts"
"web-ui","rename-in-place","1","avmatrix-web/e2e/heartbeat-reconnect.spec.ts"
"web-ui","rename-in-place","1","avmatrix-web/e2e/multi-repo-scoping.spec.ts"
"web-ui","rename-in-place","17","avmatrix-web/e2e/onboarding.spec.ts"
"web-ui","rename-in-place","2","avmatrix-web/e2e/repo-switching.spec.ts"
"web-ui","rename-in-place","8","avmatrix-web/e2e/server-connect.spec.ts"
"web-ui","rename-in-place","3","avmatrix-web/e2e/shell-interactions.spec.ts"
"web-ui","rename-in-place","1","avmatrix-web/index.html"
"web-ui","rename-in-place","2","avmatrix-web/package-lock.json"
"web-ui","rename-in-place","1","avmatrix-web/package.json"
"web-ui","rename-in-place","1","avmatrix-web/playwright.config.ts"
"web-ui","rename-in-place","3","avmatrix-web/src/components/AnalyzeOnboarding.tsx"
"web-ui","rename-in-place","3","avmatrix-web/src/components/CodeReferencesPanel.tsx"
"web-ui","rename-in-place","1","avmatrix-web/src/components/DropZone.tsx"
"web-ui","rename-in-place","2","avmatrix-web/src/components/EncouragementLine.tsx"
"web-ui","rename-in-place","2","avmatrix-web/src/components/FileTreePanel.tsx"
"web-ui","rename-in-place","1","avmatrix-web/src/components/GraphCanvas.tsx"
"web-ui","rename-in-place","2","avmatrix-web/src/components/Header.tsx"
"web-ui","rename-in-place","5","avmatrix-web/src/components/LauncherStartScreen.tsx"
"web-ui","rename-in-place","2","avmatrix-web/src/components/LoadingOverlay.tsx"
"web-ui","rename-in-place","1","avmatrix-web/src/components/RepoLanding.tsx"
"web-ui","rename-in-place","1","avmatrix-web/src/components/RightPanel.resizable.tsx"
"web-ui","rename-in-place","4","avmatrix-web/src/components/SettingsPanel.local-runtime.tsx"
"web-ui","rename-in-place","1","avmatrix-web/src/config/ui-constants.ts"
"web-ui","rename-in-place","1","avmatrix-web/src/core/graph/graph.ts"
"web-ui","rename-in-place","1","avmatrix-web/src/core/graph/types.ts"
"web-ui","rename-in-place","1","avmatrix-web/src/core/llm/session-client.ts"
"web-ui","rename-in-place","1","avmatrix-web/src/core/llm/settings-service-local-runtime.ts"
"web-ui","rename-in-place","1","avmatrix-web/src/core/llm/types.local-runtime.ts"
"web-ui","rename-in-place","1","avmatrix-web/src/hooks/app-state/graph.tsx"
"web-ui","rename-in-place","1","avmatrix-web/src/hooks/useAppState.local-runtime.tsx"
"web-ui","rename-in-place","1","avmatrix-web/src/hooks/useBackend.ts"
"web-ui","rename-in-place","1","avmatrix-web/src/lib/constants.ts"
"web-ui","rename-in-place","1","avmatrix-web/src/lib/graph-health-filters.ts"
"web-ui","rename-in-place","1","avmatrix-web/src/lib/graph-links-visibility.ts"
"web-ui","rename-in-place","8","avmatrix-web/src/lib/runtime-diagnostics.ts"
"web-ui","rename-in-place","1","avmatrix-web/src/lib/semantic-filters.ts"
"web-ui","rename-in-place","5","avmatrix-web/src/services/backend-client.ts"
"web-ui","rename-in-place","3","avmatrix-web/test/setup.ts"
"web-ui","rename-in-place","2","avmatrix-web/test/unit/analyze-contract.local-only.test.tsx"
"web-ui","rename-in-place","9","avmatrix-web/test/unit/Branding.local-only.test.tsx"
"web-ui","rename-in-place","1","avmatrix-web/test/unit/ChatPanel.grounding-links.test.tsx"
"web-ui","rename-in-place","1","avmatrix-web/test/unit/CodeReferencesPanel.graph-health.test.tsx"
"web-ui","rename-in-place","1","avmatrix-web/test/unit/constants.test.ts"
"web-ui","rename-in-place","12","avmatrix-web/test/unit/DropZone.full-analyze-flow.test.tsx"
"web-ui","rename-in-place","3","avmatrix-web/test/unit/DropZone.runtime-connection.test.tsx"
"web-ui","rename-in-place","2","avmatrix-web/test/unit/FileTreePanel.dashboard-completeness.test.tsx"
"web-ui","rename-in-place","1","avmatrix-web/test/unit/filter-panel.test.ts"
"web-ui","rename-in-place","5","avmatrix-web/test/unit/graph-adapter.edge-geometry.test.ts"
"web-ui","rename-in-place","1","avmatrix-web/test/unit/graph-health-filters.test.ts"
"web-ui","rename-in-place","1","avmatrix-web/test/unit/GraphCanvas.selection-performance.test.tsx"
"web-ui","rename-in-place","6","avmatrix-web/test/unit/LauncherStartScreen.local-only.test.tsx"
"web-ui","rename-in-place","1","avmatrix-web/test/unit/package-deps.local-runtime.test.ts"
"web-ui","rename-in-place","2","avmatrix-web/test/unit/repo-list.test.ts"
"web-ui","rename-in-place","2","avmatrix-web/test/unit/RepoAnalyzer.local-only.test.tsx"
"web-ui","rename-in-place","1","avmatrix-web/test/unit/RightPanel.local-runtime.test.tsx"
"web-ui","rename-in-place","3","avmatrix-web/test/unit/security-guards.test.ts"
"web-ui","rename-in-place","1","avmatrix-web/test/unit/semantic-filters.test.ts"
"web-ui","rename-in-place","12","avmatrix-web/test/unit/server-connection.test.ts"
"web-ui","rename-in-place","25","avmatrix-web/test/unit/session-client.test.ts"
"web-ui","rename-in-place","6","avmatrix-web/test/unit/settings-service-local-runtime.test.ts"
"web-ui","rename-in-place","8","avmatrix-web/test/unit/SettingsPanel.local-runtime.test.tsx"
"web-ui","rename-in-place","6","avmatrix-web/test/unit/useAppState.local-runtime.test.tsx"
"web-ui","rename-in-place","6","avmatrix-web/test/unit/useBackend.local-only.test.tsx"
"web-ui","rename-in-place","4","avmatrix-web/vite.config.ts"
"web-ui","rename-in-place","3","avmatrix-web/vitest.config.ts"
